<Question type="Truth" id="ElvishLanguages" marks="1">
   <Stem>
      Which of these following statements about elvish languages is FALSE?
   </Stem>
   <TrueAnswers>
      <Answer>Quenya's dialects include the languages of Common Doriathrin and Noldorin Doriathrin.</Answer>
      <Answer>Sindarin is the language of those living in Tol Eressëa and Alqualondë.</Answer>
      <Answer>Exilic Quenya is the colloquial speech of the Nandor.</Answer>
      <Answer>Necro Ossiron is the colloquial speech of the Ossiriand.</Answer>
      <Answer>Early elves adapted Vassarin, the tongue of the gods or Vassar.</Answer>
      <Answer>Myranya is the language spoken in the Myras of Besëalondë.</Answer>
   </TrueAnswers>
   <FalseAnswers>
      <Answer>Avarin is the language of various elves of the Second and Third Clans.</Answer>
      <Answer>Quenya is the language of the elves in Eldamar beyond the sea.</Answer>
      <Answer>Nandorin is the language of the Nandor.</Answer>
      <Answer>Falathrin is the language spoken in the Falas of Beleriand.</Answer>
      <Answer>Common Eldarin is the language of the three clans of the Eldar, but it later developed into Quenya and Common Telerin.</Answer>
      <Answer>Noldorin Sindarin is the language spoken by the Exiled Noldor.</Answer>
   </FalseAnswers>
</Question>