<Question type="Xyz" id="QId01x" marks="2">
   <Stem>
      Is this our XML question?
   </Stem>
   <TrueAnswers>
      <Answer>correct 1</Answer>
      <Answer>correct 2</Answer>
      <Answer>correct 3</Answer>
      <Answer>correct 4</Answer>
      <Answer>correct 5</Answer>
   </TrueAnswers>
   <FalseAnswers>
      <Answer>incorrect 1</Answer>
      <Answer>incorrect 2</Answer>
      <Answer>incorrect 3</Answer>
      <Answer>incorrect 4</Answer>
      <Answer>incorrect 5</Answer>
      <Answer>incorrect 6</Answer>
   </FalseAnswers>
</Question>